{
    "avg_prec": {
        "train": 0.9613008131975029,
        "test": 0.8912432664241655
    },
    "roc_auc": {
        "train": 0.9795682833306764,
        "test": 0.9239424363615206
    }
}
